{"cameraMode":{"drawMode":0,"name":"Shaded","section":"Shading Mode"},"sceneLighting":false,"audioPlay":false,"sceneViewState":{"showFog":true,"showMaterialUpdate":false,"showSkybox":true,"showFlares":true,"showImageEffects":true,"showParticleSystems":true},"in2DMode":false,"pivot":{"x":-4.772916793823242,"y":-7.384814262390137,"z":-2.1478919982910158},"rotation":{"x":0.1678389459848404,"y":-0.6886391043663025,"z":0.16874746978282929,"w":0.6849311590194702},"size":31.91560935974121,"orthographic":false}